,song_name,class,tempo,total_beats,average_beats,chroma_stft_mean,chroma_stft_std,chroma_stft_var,chroma_cq_mean,chroma_cq_std,chroma_cq_var,chroma_cens_mean,chroma_cens_std,chroma_cens_var,melspectrogram_mean,melspectrogram_std,melspectrogram_var,mfcc_mean,mfcc_std,mfcc_var,mfcc_delta_mean,mfcc_delta_std,mfcc_delta_var,rms_mean,rms_std,rms_var,cent_mean,cent_std,cent_var,spec_bw_mean,spec_bw_std,spec_bw_var,contrast_mean,contrast_std,contrast_var,rolloff_mean,rolloff_std,rolloff_var,poly_mean,poly_std,poly_var,tonnetz_mean,tonnetz_std,tonnetz_var,zcr_mean,zcr_std,zcr_var,harm_mean,harm_std,harm_var,perc_mean,perc_std,perc_var,frame_mean,frame_std,frame_var
0,2U.mp3,happy,143.5546875,181528,1287.4326241134752,0.3375073969364166,0.2971639037132263,0.08830638974905014,0.3783812522888184,0.26261380314826965,0.06896600872278214,0.2330930390591648,0.17029670717749068,0.029000968475496,13.304529190063475,100.01612854003906,10003.2265625,1.3757200241088867,38.41594314575195,1475.7845458984375,0.01013530232012272,2.87200665473938,8.248422622680664,0.22894437611103055,0.08033843338489532,0.0064542642794549465,2373.081699713013,1105.4664670415789,1222056.1097533905,2689.029197783429,724.1515517151288,524395.4698514286,20.90134658363775,6.455672926660899,41.67571293602249,5503.270889140505,2526.483680547503,6383119.788072857,2.4108824387250176,2.770893537065645,7.67785099375216,-0.024892906915312853,0.13352891329536393,0.017829970685840815,0.0935725634312113,0.07208724291687553,0.005196570591356621,4.505285687628202e-06,0.1955176442861557,0.0382271483540535,4.71416897198651e-05,0.08700449764728546,0.007569781970232725,3.5038911564625845,1.88449495521582,3.5513212362338735
1,Adele - Hello.mp3,sad,172.265625,198026,1692.5299145299145,0.5924414992332458,0.2607050240039825,0.06796710193157196,0.6479858756065369,0.22200216352939608,0.04928496107459068,0.27867029502736845,0.07534056014321079,0.005676200002692763,0.04992476105690002,0.7627736330032349,0.5818236470222473,-13.347635269165039,102.19857788085938,10444.548828125,0.007924072444438934,2.1325750350952153,4.547876358032227,0.0094155827537179,0.011820241808891295,0.00013971811858937144,1586.9142048571537,769.871819751444,592702.6188474001,1941.7422730400965,589.0461286632358,346975.3416931452,16.57067053502246,7.30884974511919,53.41928459672885,3186.2515665060228,1733.3611429740383,3004540.851972264,0.13611562302409844,0.2780825108894177,0.07732988286256309,-0.006082840113586899,0.05672984159289096,0.0032182749271545013,0.07106854229150543,0.05533182320282572,0.003061610658948762,-0.00017616468539927155,0.007753837388008833,6.0121994465589517e-05,-0.0002927514433395117,0.009900380857288836,9.801753913052379e-05,31.93324263038549,10.268238007403092,105.4367117766774
2,Alan Walker - Darkside (feat. AuRa and Tomine Harket).mp3,happy,86.1328125,108798,1279.9764705882353,0.2982815206050873,0.3007715046405792,0.09046350419521333,0.3403065800666809,0.2880409359931946,0.08296758681535721,0.21715102134763514,0.19020716932074935,0.03617876726101223,9.486384391784668,62.7560920715332,3938.326904296875,0.05718419700860977,44.20118713378906,1953.7449951171875,0.013410734944045544,2.1615476608276367,4.672288417816162,0.1919022798538208,0.08785908669233322,0.007719218730926514,2064.748029504499,1042.782302664353,1087394.9307499705,2206.5828809490367,741.333181579079,549574.8861101597,21.776416669771496,6.756683843470096,45.65277656060983,4158.629020005926,2274.7348998433413,5174418.864565296,2.241394356198515,2.8841695955410214,8.318434255843258,0.059606838980717364,0.17446101164828068,0.030436644585341524,0.09137359713622292,0.06424942143765976,0.0041279881550740135,-1.0295447282260284e-05,0.17393603920936584,0.03025374747812748,-3.552549605956301e-05,0.07300134748220444,0.005329197272658348,7.303836734693877,3.9184832729975008,15.354511160761206
3,Alan Walker - Diamond Heart (feat. Sophia Somajo).mp3,sad,89.10290948275862,109606,1336.6585365853662,0.28340116143226624,0.29807546734809875,0.08884898573160173,0.3462369441986084,0.2782219350337982,0.07740744203329086,0.22206114335327265,0.18445102858474555,0.03402218194597062,4.981908798217773,47.09866333007813,2218.283935546875,-5.699101448059082,46.57817077636719,2169.526123046875,0.012119486927986143,2.1084887981414795,4.445725440979004,0.1311606764793396,0.07486211508512497,0.00560433603823185,2151.4748346434944,807.4405499105234,651960.2416398084,2395.365406445397,520.9146044143076,271352.02509211464,21.470824587145337,6.600993734172878,43.57311827858959,4515.831026720927,1751.6058318965438,3068122.990333983,1.5195319611297602,2.0506150474673026,4.205022072899327,0.05037115327125779,0.16832826381203153,0.02833440439797288,0.08395092849022832,0.0508596736154079,0.0025867064002658186,2.4635692170704715e-06,0.12556156516075134,0.015765706077218056,-2.0662677343352694e-05,0.05171918496489525,0.0026748739182949066,6.85685260770975,1.9210369613183664,3.690383006751302
4,"Alan Walker - Different World feat. Sofia Carson, K-391 & CORSAK (Lyric Video).mp3",happy,129.19921875,163991,1281.1796875,0.3665812313556671,0.29430657625198364,0.08661635220050813,0.39103153347969055,0.29556670784950256,0.08735968172550201,0.2262164855482793,0.17933051887372234,0.032159434999518496,12.622729301452635,90.13125610351562,8123.64306640625,4.888556957244873,41.04662322998047,1684.8251953125,0.013670346699655056,2.5269646644592285,6.385550498962402,0.22024181485176086,0.09688666462898254,0.009387025609612465,2330.009621802377,1223.5566879840187,1497090.9687104216,2480.981244115739,856.5353279788792,733652.7680758863,21.17558913331494,6.878095987240683,47.30820440969638,5239.63498331076,2646.0057196104613,7001346.268211277,2.4764588830186582,3.1423400121727387,9.874300752101767,0.027691341213236742,0.16782304952275615,0.028164575951117474,0.09597145293150154,0.07358007428463148,0.0054140273317318886,-2.9685959816561077e-05,0.18334649503231049,0.033615939319133765,8.170946966856718e-05,0.10625626146793364,0.011290393769741058,7.022875283446711,3.66626447947321,13.441495233446968
5,Alone_(Alan_Walker)(www.englishsong.in).mp3,happy,95.703125,119899,1275.521276595745,0.3399465084075928,0.303369015455246,0.0920327678322792,0.4207356870174408,0.2873975336551666,0.08259733766317368,0.2371965609828198,0.16453305075654795,0.027071124791256784,15.891438484191895,121.84786224365234,14846.90234375,4.242788791656493,37.2430419921875,1387.0440673828125,0.015021045692265034,2.3016228675842285,5.297467708587647,0.24324557185173035,0.1203121617436409,0.014475016854703425,2434.2886609827074,921.8535971075244,849814.0545000816,2628.926685635695,680.4258394478745,462979.3229883447,20.382546173915525,6.1941912313403735,38.36800501041399,5377.54248273631,2316.191952316201,5364745.159974337,3.011525398907656,3.851594320281996,14.834778808028526,0.010681036103432904,0.15015586378486295,0.02254678342897832,0.09876640957575464,0.052105764753129134,0.0027150107205084345,-9.280608355766162e-05,0.2130980342626572,0.045410774648189545,-6.657926860498264e-05,0.1001565232872963,0.010031328536570072,4.195845804988662,2.7816701293266184,7.737688708387966
6,Ariana Grande - 7 rings.mp3,happy,69.83741554054055,89059,1290.7101449275362,0.33254897594451904,0.32240840792655945,0.10394718497991562,0.3495735228061676,0.29481279850006104,0.08691458404064177,0.2218745268781846,0.18467546576607047,0.03410502765591506,9.561090469360352,136.61000061035156,18662.291015625,-1.7256914377212524,50.3685417175293,2536.989990234375,0.008618522435426712,3.4262812137603764,11.739402770996096,0.16885685920715332,0.1130409687757492,0.012778259813785551,2010.9367705103894,1272.0929528731106,1618220.4807494297,2313.125937565062,964.1321094065289,929550.7243886831,21.093797407220688,7.089926304629363,50.26705500507538,4344.023732282798,2780.77379089627,7732702.876135611,1.4688965988011826,1.8684396537586383,3.4910667397377013,-0.03307510775613132,0.16761952120958498,0.02809630389053051,0.07563767566031347,0.0700327291793892,0.004904583156313672,-2.427383515168913e-05,0.17794989049434662,0.03166616335511208,-1.4684952475363389e-05,0.06371227651834488,0.004059254191815853,16.08214058956916,3.8675718555385257,14.958112057753713
7,Ariana Grande - imagine (lyric video).mp3,happy,123.046875,148471,1237.2583333333334,0.3242600560188293,0.3144266307353973,0.0988641008734703,0.3403915762901306,0.304209977388382,0.09254370629787444,0.21632591381456315,0.19114505577081384,0.036536432345627534,16.76095199584961,124.9289779663086,15607.2490234375,1.524970769882202,41.61798858642578,1732.0570068359375,0.014936172403395174,3.756232738494873,14.10928440093994,0.2496512681245804,0.11909842491149902,0.014184434898197653,2418.0975905747496,1181.528140056135,1396008.74574451,2474.312276659984,699.2534066521381,488955.3267146203,22.516316478463477,7.487307905636573,56.05977967380791,4987.519841149865,2227.990094746392,4963939.862288037,2.496321028049464,3.158596938822647,9.976734621939798,0.004053186781449037,0.20345291919744946,0.0413930903299639,0.10906944629208593,0.08743219123042525,0.0076443880633536515,-9.04088210518239e-06,0.21971432864665985,0.048274386674165726,8.5503445006907e-05,0.1178724393248558,0.013893911615014076,3.132371882086168,1.645013749887463,2.706070237318813
8,"Ariana Grande - thank u, next (Lyrics).mp3",happy,107.666015625,135528,1290.7428571428572,0.3324083089828491,0.31648027896881104,0.10015977174043657,0.38235381245613104,0.28197553753852844,0.07951021194458008,0.23744952494619626,0.164167769175801,0.026951056436159082,14.683595657348633,108.95075225830078,11870.2666015625,-0.0528787225484848,46.50072479248047,2162.3173828125,0.0127040296792984,3.2427670955657963,10.515538215637207,0.2322993129491806,0.10039326548576356,0.010078808292746544,1930.0253605741034,898.747355540732,807746.8090914588,2365.857383763765,777.168026835976,603990.1419361243,22.04322373470236,7.610910888163941,57.925964547572406,4177.649738323577,2443.0418881386568,5968453.667200095,2.3150186440924783,2.9787884180599,8.8731804395678,-0.04142529615213178,0.14109040271946846,0.0199065017395418,0.06501283438951239,0.04160141095682539,0.0017306773935986716,2.7000762656825827e-06,0.1981768161058426,0.039274051785469055,-0.000224691815674305,0.10993236303329468,0.01208512485027313,5.887419501133787,3.0968793533652605,9.590661729300033
9,Attention_(Charlie_Puth)_(www.englishsong.in).mp3,happy,99.38401442307692,125815,1270.858585858586,0.29745668172836304,0.31188303232192993,0.09727101773023604,0.3774222135543823,0.2964832782745361,0.08790233731269836,0.23579156035574864,0.16654030562700034,0.02773567339833468,8.146960258483888,93.48137664794922,8738.767578125,-5.986781597137451,51.45634078979492,2647.755126953125,0.009685572236776352,3.608555793762207,13.021674156188965,0.15171471238136292,0.11193614453077316,0.012529700994491577,2285.101788180581,1162.6206970080398,1351686.88511146,2595.376209639537,610.092903149265,372213.35047309846,21.749870264183503,6.751690930200335,45.58533041694945,5026.640437926301,2465.529338075466,6078834.916910845,1.4210562561878048,2.142934383731117,4.592167772977064,-0.04993632948261479,0.16230799090558246,0.026343883911806632,0.08695072138641641,0.08140501826608458,0.006626776998901563,-6.863124895062356e-07,0.13565543293952942,0.01840239763259888,-5.9095000324305155e-06,0.09902379661798476,0.009805712848901749,2.9129433106575964,1.7214973554171449,2.9635531447082233
10,"Bad Bunny, Drake - MIA (Lyrics Letra).mp3",angry,129.19921875,155836,1256.741935483871,0.4817569255828858,0.3058486878871918,0.09354342520236968,0.34304988384246826,0.2739238440990448,0.07503426820039749,0.2229774303447729,0.1833422997842431,0.03361439889017527,24.170654296875,222.4984130859375,49505.546875,6.396458148956299,43.338191986083984,1878.19873046875,0.013174034655094148,3.8835654258728023,15.082079887390135,0.2936418950557709,0.13401657342910767,0.01796044036746025,1847.516391688364,972.5878366950084,945927.1000870764,2309.8214260743266,741.0138360148718,549101.5051654751,22.592719594226452,8.046798687272997,64.75096911349846,4367.1610923743465,2333.400519957285,5444757.986536928,2.4841524992134767,3.2867709969621264,10.802863586471407,-0.030735664873212918,0.13307692844863336,0.017709468885322675,0.04766751221458978,0.04662070061409331,0.0021734897257489204,3.659072535810992e-05,0.2788698077201843,0.07776837050914764,-0.0006320008542388678,0.11734498292207718,0.0137698445469141,4.310784580498867,2.6881575624941565,7.226191080794527
11,Baitikochi Chuste.mp3,angry,184.5703125,230758,1289.1508379888267,0.3233901858329773,0.307214230298996,0.09438058733940123,0.3912305533885956,0.27234312891960144,0.074170783162117,0.2440460357931057,0.15419100410530934,0.02377486574700353,10.8341064453125,75.16197204589844,5649.32177734375,-2.813580274581909,51.97098922729492,2700.98388671875,0.010565455071628094,3.6632311344146733,13.419261932373047,0.1882922500371933,0.11056629568338394,0.012224906124174595,1753.2575256354348,884.2385564079216,781877.8246383652,2102.036620718147,575.923734123066,331688.14752625604,22.012729136351453,7.110211725064596,50.55511077524605,3642.0571436453893,1834.125100390945,3364014.8838840933,1.961328520427516,2.66697470452248,7.112754074562766,-0.011956631459551044,0.11933342681367112,0.014240466755093804,0.06766323408475232,0.05221564211793445,0.00272647328178821,-0.0004985685809515417,0.1735638678073883,0.030124418437480927,-0.00029655863181687886,0.0808306410908699,0.006533592939376831,3.8707664399092967,2.258778898877949,5.10208211401628
12,Bebe Rexha - I Got You [Official Music Video].mp3,sad,198.76802884615384,226129,1675.0296296296294,0.3536313772201538,0.3134794235229492,0.09826935827732086,0.461350291967392,0.2785257697105408,0.07757660001516342,0.250595774517758,0.1433007017679199,0.02053509112717832,3.0324227809906006,27.757915496826172,770.5018920898438,-1.4148688316345217,55.71847534179688,3104.548583984375,0.01119338721036911,2.2651703357696533,5.130996227264403,0.1055518090724945,0.05488865077495575,0.003012764034792781,2252.297243416017,1396.6582094116052,1950654.153916831,2346.1263507907893,1083.8521084924394,1174735.393083507,20.49957584498758,7.243687118581916,52.47100307190958,5000.994759668875,3197.54095796015,10224268.177832713,1.1189347173692004,1.3859376576771412,1.9208231909676008,0.02718386240720693,0.12069316584253398,0.01456684028109341,0.10070422854585913,0.08453090369145813,0.00714547367889457,-0.0022797964047640558,0.09307178109884262,0.008662356063723564,-0.0007532661547884345,0.04621966928243637,0.0021362577099353075,14.447455782312925,5.407276860922051,29.23864305066305
13,Chris Brown - Undecided.mp3,happy,129.19921875,155478,1264.0487804878046,0.3127809464931488,0.30332571268081665,0.09200648218393326,0.2891447842121124,0.28070393204689026,0.0787947028875351,0.2078736159385855,0.2003045010226949,0.04012189312995078,14.111660957336426,133.32899475097656,17776.62109375,-3.17948317527771,43.73911666870117,1913.1103515625,0.01286061480641365,3.4953229427337646,12.217283248901367,0.2157527655363083,0.12438634783029555,0.015471963211894037,2333.720439711417,1139.7660576910173,1299066.666264523,2572.8254974925785,722.2865647507926,521697.8816195009,22.894988492591988,6.302088050467884,39.71631379585007,5148.343868668972,2508.1393195936125,6290762.846491509,1.8970052753784568,2.5934352192955665,6.725906236682644,0.0010273672614163358,0.2055624634226492,0.04225592636838797,0.08391086826383512,0.07024805000076345,0.004934788528909761,-0.000154065404785797,0.21729709208011627,0.04721802845597267,8.211395470425487e-05,0.09515982866287233,0.009055392816662787,3.0870929705215424,1.8188425549662264,3.3081882397560687
14,"David Guetta, Anne-Marie - Don't Leave Me Alone (Lyrics).mp3",happy,129.19921875,152875,1402.5229357798166,0.2974381744861603,0.31198212504386896,0.09733284264802933,0.3891367614269257,0.28106099367141724,0.07899527996778488,0.2445275826622099,0.15342618632655067,0.02353959465070944,11.349645614624025,88.75711059570312,7877.82421875,-1.0109152793884275,46.9648323059082,2205.695556640625,0.012221472337841988,2.9377098083496094,8.630139350891112,0.2066543400287628,0.09395799040794373,0.008828104473650455,2027.2952424740224,1046.1058193374236,1094337.3852516222,2242.563835361112,769.0629171156971,591457.7704825058,22.570342610345673,7.260219666007124,52.710789598676605,4189.712165383731,2222.864850432677,4941128.143289087,2.145532900617518,2.804062038218948,7.862763914180597,0.04750857678851362,0.1404484678274638,0.019725772115082137,0.0879032855432469,0.06926137750070516,0.004797138413295186,-2.512435457902029e-05,0.17380517721176147,0.03020823933184147,3.845761966658756e-06,0.09789834171533583,0.009584085084497929,3.1149569160997728,1.7635746633804874,3.1101955933175995
15,"David Guetta, Bebe Rexha & J Balvin - Say My Name (Official Video).mp3",angry,129.19921875,142774,1199.781512605042,0.3420151770114899,0.3104884922504425,0.096403107047081,0.4334208369255066,0.2779173254966736,0.0772380381822586,0.23665795797860986,0.16530681854880602,0.027326344258727875,19.554519653320312,196.99349975585938,38806.4375,2.630821228027344,38.33823776245117,1469.8204345703125,0.005310569889843464,4.1497135162353525,17.220123291015625,0.2623336017131805,0.13112978637218475,0.017195021733641624,2336.1870647408828,980.2338107985106,960858.3238325701,2607.810558497627,716.9661499626584,514040.4601922772,21.079026134381774,6.567708751769213,43.13479824806591,5260.647356251814,2339.8478667749337,5474888.039651209,2.7199699932889256,3.4001162461005388,11.56079048699682,-0.004191053251431636,0.10626403337700448,0.011292044789549123,0.0874437267197175,0.06112228358822384,0.003735933551039257,3.7734960187663087e-06,0.19709567725658414,0.038846708834171295,-0.00010465842933626844,0.17408089339733124,0.03030415624380112,3.429587301587301,1.4866955629156238,2.2102636967930027
16,"Dimitri Vegas, MOGUAI & Like Mike - Body Talk (Mammoth) ft. Julian Perretta .mp3",sad,129.19921875,118545,1097.638888888889,0.3776347041130066,0.3104410767555237,0.09637366235256196,0.4840781688690186,0.2678931951522827,0.07176675647497177,0.2632123665790929,0.11854359288112773,0.014052583413166552,3.908674716949463,23.67282485961914,560.4026489257811,-7.496230602264403,40.80413055419922,1664.97705078125,0.010132658295333384,4.1224942207336435,16.994958877563473,0.12385696172714232,0.06893868744373323,0.004752542357891798,3000.326395871168,998.3280512337284,996658.8978801336,2511.096705559475,590.6927431400617,348917.9167983311,19.84781982639545,7.8229719577974555,61.19889025248537,5934.376615636489,1933.568519076446,3738687.217963481,1.7232533357181907,2.3596793892799113,5.5680868201924145,0.009100389260296549,0.1021146806535159,0.01042740800496953,0.15617025747387772,0.08833056596139964,0.007802288883061172,6.926949822627647e-07,0.0911429598927498,0.008307038806378841,-6.858458164060721e-06,0.08548730611801147,0.007308079395443202,4.4117913832199545,2.6520197278945594,7.033208637141933
17,"DJ Snake - Taki Taki ft. Selena Gomez, Ozuna, Cardi B.mp3",happy,95.703125,120424,1450.8915662650602,0.35953983664512634,0.33547064661979675,0.1125405579805374,0.4613799750804901,0.2894499599933624,0.08378128707408905,0.2393968894532569,0.16131479365959722,0.02602246265343843,12.248579978942873,155.03506469726562,24035.869140625,-2.394563913345337,56.63459396362305,3207.477294921875,0.007438001222908497,3.710728406906128,13.76950454711914,0.19411073625087735,0.13410130143165588,0.017983159050345417,1865.614589526432,1231.0181730322333,1515405.7423356178,1911.2218173244573,891.5498391495498,794861.1156875882,21.18326404756656,7.671924667982572,58.858428111199494,3703.785937046488,2553.317335121122,6519429.413830028,1.7932547810899326,2.877206709331632,8.278318448222956,-0.02332115464873499,0.12185451355953356,0.01484852247483054,0.07854789993711299,0.06831597501956052,0.004667072442873218,5.979499110253528e-05,0.1596575379371643,0.0254905316978693,0.0001827532541938126,0.13528726994991302,0.01830264553427696,14.827102040816328,3.0344800752621635,9.208069327163065
18,Drake - In My Feelings.mp3,sad,117.45383522727272,148623,1315.2477876106195,0.31861555576324463,0.3139627575874329,0.09857261180877687,0.36207377910614014,0.3004789650440216,0.09028761088848114,0.2260170855720489,0.17958176511787174,0.03224961036285046,0.8129180073738098,5.367291927337647,28.807825088500977,-10.680425643920898,77.85314178466797,6061.111328125,0.00841514393687248,3.0996906757354736,9.608081817626953,0.05217666178941727,0.028574857860803608,0.0008165224571712315,1374.3253231960616,901.7845282321463,813215.3353588744,1461.5694061912948,657.1242518047735,431812.28230998345,22.522905858685277,7.598013615932253,57.7298109078919,2578.592740935807,1774.1095216930921,3147464.5949620917,0.5382996715039386,0.7174144873665662,0.514683546683433,-0.036307950366230086,0.17292839851385108,0.02990423101256529,0.07168248415731424,0.06299198604932182,0.003967990306437956,-0.00017993393703363836,0.0485214926302433,0.002354335272684693,-5.7258312153862796e-05,0.023749122396111492,0.0005640208255499601,3.723319727891156,2.647077630582916,7.007019982332463
19,Drake_-_Gods_Plan_NaijaExclusive.net.mp3,happy,151.9990808823529,192920,1484.0,0.43855851888656616,0.3077269494533539,0.09469588100910188,0.4342857897281647,0.2755708694458008,0.07593930512666702,0.24241865538813684,0.15673713297473918,0.024566528853141072,10.553336143493652,152.0695037841797,23125.134765625,-4.188615322113037,46.21051788330078,2135.412109375,0.012633828446269035,3.972246170043945,15.778738975524902,0.16561026871204376,0.13831108808517456,0.01912995614111424,2381.6957864950377,1134.108239165802,1286201.4981437556,2399.2422190383954,767.494105092665,589047.2013519907,21.48703008139633,6.867123799639267,47.15738927957204,4999.632267907678,2398.994157704791,5755172.96870172,1.4730630189654983,2.1392393392984834,4.576344950802212,0.03003504428042099,0.09795139115210133,0.009594475028631956,0.093222414376935,0.06945434651455835,0.004823906249764344,-2.9778258976875804e-05,0.1833985447883606,0.033635027706623084,-0.0003128053213004023,0.08726826310157776,0.0076157497242093095,8.42419954648526,4.814766079987257,23.181972404995857
20,Eminem - Not Afraid.mp3,sad,112.34714673913044,140577,1277.9727272727273,0.406080424785614,0.29380717873573303,0.08632265776395798,0.5140696763992311,0.2702648639678955,0.0730431005358696,0.25432869716286266,0.13656590765185225,0.01865024713277423,1.7692267894744873,14.976486206054688,224.29513549804688,-2.882723331451416,40.2044563293457,1616.398193359375,0.010835370980203152,3.3130383491516118,10.97622299194336,0.08535249531269072,0.04281627386808395,0.001833233283832669,2655.116124591937,1135.8779970566554,1290218.8241974395,2473.0464277979963,566.9158550181605,321393.586670972,18.976781767275103,7.0210133336967075,49.294628231946966,5220.455932617188,2143.5714762933458,4594898.673978435,1.1846257557816655,1.4681906074483724,2.1555836597996207,0.030500413834995386,0.1038153688308334,0.010777630805481978,0.14209059960332818,0.08572287994210685,0.0073484121455688655,-5.74797638819291e-07,0.04645397886633873,0.0021579721942543983,-2.279540058225393e-05,0.0651656836271286,0.00424656644463539,4.765895691609976,2.6246137806436867,6.8885974975447475
21,Eminem - Venom.mp3,sad,135.99917763157896,172994,1362.1574803149604,0.5586308836936951,0.27663668990135193,0.07652785629034042,0.5794708132743835,0.22794543206691745,0.051959119737148285,0.27067946695449835,0.10032925546699713,0.010065959502561974,3.190852165222168,38.66421890258789,1494.921875,-0.936392903327942,60.67647933959961,3681.63525390625,0.011049256660044192,2.51859188079834,6.3433051109313965,0.08479874581098558,0.08648533374071121,0.007479713298380375,2039.04821294694,1084.7304365773675,1176640.120037326,2226.599421603028,554.0269414458598,306945.8518478542,18.431642922177996,7.498052548624106,56.22079202192843,4124.3083942047215,2029.5349100036883,4119011.95092368,0.9980848169899806,1.7135669256034145,2.936311608521937,-0.012933449930775085,0.0687823128670369,0.00473100656333895,0.09255688552147832,0.0877405827375671,0.007698409859127858,0.0009772572666406634,0.08625650405883789,0.007440184708684683,0.0002297071187058464,0.05911979079246521,0.0034951497800648212,9.708263038548754,6.676671347799492,44.5779402865267
22,End Game.mp3,happy,161.4990234375,205163,1290.3333333333333,0.4711785614490509,0.3035181760787964,0.09212328493595123,0.33059409260749817,0.2873812615871429,0.08258799463510512,0.21751982636183972,0.18978529572347916,0.03601845847284843,16.873481750488278,145.09957885742188,21053.88671875,1.814151406288147,37.58608627319336,1412.7139892578125,0.010408097878098488,3.0386712551116943,9.233522415161133,0.2404093593358993,0.1292893886566162,0.01671574451029301,2368.064179859778,828.2014238869542,685917.5985283785,2501.730938783622,486.14799238705115,236339.8705019604,19.825588593091762,7.4355843372292325,55.2879144360487,5058.80274344524,1629.2221042975884,2654364.665131862,2.524230397924387,3.2843925460648067,10.787234396646063,0.027745630764021943,0.1860801316644793,0.03462581540026993,0.08020208494582043,0.05589830969846272,0.0031246210271452515,-7.923497832962312e-06,0.21728244423866272,0.0472116619348526,-0.0003202298248652369,0.11860164254903792,0.014066348783671856,4.1505668934240365,2.6538577217858683,7.042960807482477
23,Fire on Fire.mp3,sad,112.34714673913044,139810,1248.3035714285713,0.274749368429184,0.29934367537498474,0.0896066352725029,0.3226348459720612,0.2781766951084137,0.07738228142261505,0.21931510394462744,0.18770780089034825,0.03523421851509062,3.068087339401245,24.15638542175293,583.5309448242188,-6.792400360107423,55.99995040893555,3135.99462890625,0.0125819593667984,2.8219819068908687,7.963582515716553,0.09815426170825957,0.06564492732286452,0.0043092560954391965,1951.5787669090287,1112.9027740694698,1238552.5845315217,2150.2766940845586,672.5356401782461,452304.18730996345,21.687314681491674,5.992137858942626,35.90571612057352,4019.4048618753627,2224.8976549619683,4950169.575055267,1.04996425276711,1.538906513099091,2.368233256058804,-0.02490824619561552,0.17692095396768698,0.03130102395283641,0.08568164364841331,0.07928537502151399,0.006286170692302116,-1.8309890492673733e-06,0.09738394618034364,0.009483632631599905,-2.5748736334207933e-06,0.040414411574602134,0.0016333245439454913,2.7387936507936512,1.4268747151441667,2.035971452717747
24,Friction - Imagine Dragons (Audio).mp3,sad,135.99917763157896,152442,1209.857142857143,0.37998977303504944,0.2967592775821686,0.08806606382131578,0.39296796917915344,0.26904577016830444,0.07238562405109407,0.23877141932654025,0.16223915263006894,0.026321542646122808,3.5534920692443848,30.069053649902344,904.1480102539062,-5.761323928833008,60.69789505004883,3684.234619140625,0.011286492459475994,2.8849453926086426,8.322910308837889,0.09741663932800293,0.08045720309019089,0.006473361048847437,1591.1646071681628,693.3260087986639,480700.9544766851,1698.4286786630396,641.2851643448607,411246.6620088152,20.94371436157783,7.057700881551619,49.811141733454505,3003.402672168271,1616.5002954033712,2613073.2050391864,1.2124961176908062,2.030487242793233,4.1228784431460666,0.06843744522795367,0.11293924234002645,0.01275527246033922,0.07650879662103327,0.040885051245855834,0.0016715874153762575,1.2932133586218695e-06,0.0911746695637703,0.008312820456922054,1.9631299437605773e-05,0.05471963807940483,0.0029942388646304607,3.428426303854875,1.7804766127550296,3.1700969685676235
25,Gaali Vaaluga.mp3,angry,112.34714673913044,136163,1260.7685185185185,0.2985184192657471,0.2987273037433624,0.0892379954457283,0.37078920006752014,0.27932000160217285,0.0780196562409401,0.2342062516204059,0.16876245149692648,0.028480765035252462,8.9439697265625,53.01832962036133,2810.943359375,-2.245363473892212,44.251243591308594,1958.172607421875,0.013534137047827244,2.586106538772583,6.687946796417236,0.17226675152778625,0.0996038168668747,0.009920920245349407,1851.7230889510229,529.5152321006847,280386.38102664193,2300.9759570482315,395.786363525799,156646.84555297592,23.44219152230329,7.199268089161217,51.82946101961502,4103.0126896435995,1479.8487249349191,2189952.2486915067,1.9288051707901677,2.628703168389032,6.910080347498534,0.03314644744636686,0.15515004249874714,0.024071535687363043,0.07239884414909056,0.03221724848684332,0.0010379511000630083,4.9559262151888114e-06,0.15506772696971893,0.02404600009322166,6.404626765288413e-05,0.07243043929338455,0.005246168002486229,1.801868480725624,1.0164772184428177,1.0332259356132476
26,Hope.mp3,happy,103.359375,127328,1248.313725490196,0.3032699525356293,0.3087820112705231,0.09534633159637453,0.40768444538116455,0.289894700050354,0.08403894305229187,0.2359735385040405,0.16628235763067425,0.02764982245921545,13.327073097229006,127.77426147460938,16326.2626953125,-5.60703182220459,48.582237243652344,2360.233642578125,0.006926562637090683,3.827947616577149,14.653182983398438,0.21070648729801175,0.11441472172737123,0.013090728782117369,1947.4751438595868,1020.1709235913906,1040748.7133413112,2457.92311882352,671.3637107965226,450729.2321744768,21.06811652141157,6.947305300803385,48.26505094257081,4298.407341452205,2615.3828548224624,6840227.4772992935,2.064822756702481,2.777560991498476,7.714845061493995,-0.012910637035612715,0.15979535341362744,0.025534554972586096,0.06813545345152862,0.06417716711531868,0.004118708778947541,9.870419717117331e-07,0.17637690901756287,0.031108811497688293,0.0002448786108288914,0.10707239806652068,0.0114644980058074,5.512417233560091,3.2315920889609915,10.443187429435264
27,Imagine Dragons - Bad Liar (Lyric Video).mp3,angry,89.10290948275862,104515,1514.7101449275362,0.2797081172466278,0.318836510181427,0.1016567274928093,0.3382887840270996,0.2906337380409241,0.08446797728538513,0.2170498238919054,0.1903226399612673,0.03622270728182619,7.805092811584473,83.22931671142578,6927.11865234375,-6.138458251953125,63.89734649658203,4082.87109375,0.009331435896456242,2.7002620697021484,7.291415691375732,0.1565881073474884,0.09608844667673112,0.009232989512383938,1398.0208334644144,970.017686742505,940934.3125932808,1763.9873649234844,760.6333328323991,578563.0670157232,22.625212984333128,6.796461842751629,46.19189357997889,2756.833329806018,2188.938333732281,4791451.028882653,1.3272903368453708,1.958050151727924,3.833960396681747,0.026320048668325272,0.18108278619654025,0.0327909754567019,0.05058038197803793,0.037940399565951015,0.0014394739192240154,-8.799162969808093e-06,0.13998350501060486,0.019595380872488025,-1.2185097148176284e-05,0.08473342657089232,0.00717975338920951,7.45360544217687,2.4041232817307874,5.779808753760007
28,Imagine Dragons - Demons (Official).mp3,sad,89.10290948275862,114099,1282.0112359550562,0.3351466655731201,0.3063156306743622,0.09382925927639008,0.4037224352359772,0.3020990490913391,0.09126383811235428,0.22687834625613246,0.17849243494729913,0.03185954933341581,0.8774684071540833,8.141860961914062,66.28989410400389,-10.423684120178224,64.17344665527344,4118.2314453125,0.01361903827637434,2.412115335464477,5.818300724029541,0.05125903710722923,0.03719443082809448,0.0013834256678819654,1875.3827237644205,689.9099862174257,475975.78908252844,2013.4105652067367,464.9456632411322,216174.46976673632,21.3384444972346,6.536495502243235,42.725773450846035,3569.5450821159056,1567.1317943450406,2455902.060847107,0.6551410406533704,0.9997305141833992,0.9994611009894034,0.02072860141592784,0.16870066876302786,0.02845991564109285,0.09255216143817724,0.044914827690283314,0.00201734174644784,5.409477671491914e-05,0.05084138363599777,0.0025848462246358395,-5.5876887927297496e-05,0.0228388924151659,0.0005216150311753154,13.740408163265304,4.020586441507204,16.16511533363156
29,Imagine Dragons - Machine (Lyrics).mp3,angry,161.4990234375,203898,1282.377358490566,0.5084583163261414,0.28069427609443665,0.07878927886486052,0.3714625239372253,0.27190789580345154,0.073933906853199,0.22638342560655605,0.1791197307500607,0.032083877943974236,23.545249938964844,169.4526824951172,28714.2109375,5.8821654319763175,37.90197372436523,1436.5595703125,0.01220101397484541,3.3992431163787837,11.554853439331055,0.3005274534225464,0.11712980270385742,0.013719390146434307,1867.3066264646743,851.818730160224,725595.1490517765,2069.8310114765686,482.5601359346109,232864.28479323018,19.056299491004413,7.731630604459734,59.778111803818376,3764.010572876354,1640.6042874759946,2691582.428084615,3.3156369582870497,3.9808521935898624,15.84718418720922,-0.004243704223472558,0.1049183067553576,0.011007851092411315,0.07245534418537151,0.06730680219357152,0.004530205621524564,-1.5362806152552366e-05,0.2759307622909546,0.07613778114318848,-6.135471630841494e-05,0.10681319236755372,0.011409057304263115,3.5979319727891164,1.5648849799811966,2.4488650005707497
30,Imagine Dragons - Whatever It Takes.mp3,happy,135.99917763157896,167115,1256.5037593984962,0.356542706489563,0.3018485903739929,0.09111256897449492,0.29730454087257385,0.2793916463851929,0.07805969566106796,0.2081657404832168,0.20000089455401796,0.040000357822407386,10.778372764587402,73.15088653564453,5351.05224609375,0.8433835506439209,38.5168342590332,1483.546630859375,0.009331835433840752,2.3761510848999023,5.64609432220459,0.2004995942115784,0.09547513723373413,0.00911550223827362,2214.739707584044,803.3803585748984,645420.0005439324,2379.155937435637,580.5476005241883,337035.51647439256,21.49066864010076,7.3197664882434035,53.578981442411155,4741.683827686606,1929.2533656098885,3722018.5487170825,2.4401082923578103,3.1839594180977486,10.137597576093356,-0.0538960720485805,0.1802463657290224,0.0324887523585205,0.08253842758320433,0.03865719698094492,0.0014943788784235773,4.619765604729764e-06,0.18511608242988584,0.034267961978912354,-4.654155054595322e-05,0.07574266195297241,0.005736950784921646,11.174603174603174,5.48961115114284,30.1358305907518
31,In The Name Of Love(mp3rule.com).mp3,happy,135.99917763157896,165413,1253.128787878788,0.2890277206897736,0.2994512915611267,0.0896710678935051,0.33271723985672,0.2936196029186249,0.08621247857809068,0.2171041098983625,0.19026071270383976,0.036199138798573054,12.945023536682127,106.12471771240234,11262.455078125,-1.7801247835159302,40.885719299316406,1671.64208984375,0.01258272584527731,2.7382612228393555,7.498074531555176,0.2123991549015045,0.113626167178154,0.012910906225442886,2174.495167999556,870.8687276462192,758412.340792145,2349.9293121444284,711.3254015104491,505983.8268340014,23.10359187009563,6.70430573922276,44.94771544497525,4538.839220926858,2075.5752775298292,4308012.732693029,2.320057713867292,2.981896980541708,8.891709602563754,0.0704764405187973,0.18533795357326255,0.03435015703472483,0.09458805237761224,0.05404690548146324,0.002921067992122221,1.6621128452243287e-05,0.19821827113628387,0.03929048404097557,-8.58228886500001e-05,0.08147360384464264,0.006637947633862495,7.252752834467121,2.773810677388394,7.6940256739938615
32,Justin Bieber - Love Yourself  (PURPOSE _ The Movement).mp3,angry,99.38401442307692,128907,1289.07,0.3139377534389496,0.31096747517585754,0.0967007726430893,0.3677984774112701,0.29662686586380005,0.0879874974489212,0.2339571917141427,0.1691075568345934,0.028597365778565236,7.182694435119629,49.91791152954102,2491.7978515625,-9.351851463317873,57.54308700561523,3311.20703125,0.010522478260099888,3.591621398925781,12.899744033813475,0.14306028187274933,0.10241588950157167,0.010489013977348804,2003.4125916459304,1092.3937437098498,1193324.0912964207,2370.0408366700776,678.5544291223405,460436.11328154546,21.96490372086052,7.073808349073109,50.03876455941642,4190.595493375701,2579.6767300828587,6654732.031730993,1.3236522190716768,1.94426221315646,3.780155553508056,-0.008046842943375059,0.17370001436622906,0.03017169499082817,0.08682581662393576,0.0843424588102021,0.007113650358150638,-1.1513411664054727e-05,0.15190789103507996,0.023076007142663,-3.94120033888612e-05,0.05830259993672371,0.003399193286895752,6.177668934240363,3.2115008401091814,10.313737646021977
33,"KSI - Down Like That feat. Rick Ross, Lil Baby & S-X.mp3",angry,143.5546875,177346,1275.8705035971225,0.4163400232791901,0.3014778196811676,0.0908888727426529,0.4830991923809052,0.2726895809173584,0.07435961067676544,0.2523781664473139,0.14013776947713005,0.019638594434025238,25.24409484863281,201.3773193359375,40552.82421875,3.137681007385254,35.00813674926758,1225.569580078125,-0.0036260224878788,2.8221473693847656,7.964515209197997,0.2967410683631897,0.1515096127986908,0.022955164313316345,2157.6117621734647,912.255570701116,832210.2262752188,2325.2511647235888,496.6455628335514,246656.8150822551,21.12443427199245,7.122859158929024,50.73512259793908,4521.118494748332,1818.5191169036175,3307011.7785439137,3.155691110814578,3.9088193005876053,15.278868324646172,-0.000165114032626993,0.09400942565673083,0.0088377721123084,0.08181715454479489,0.06278432196278379,0.003941871084326494,-6.311294418992476e-05,0.24584010243415835,0.060437358915805824,-0.00033833901397883887,0.16432715952396393,0.027003416791558262,6.892843537414968,3.365253816113623,11.324933246867301
34,"Kygo, Ellie Goulding - First Time.mp3",sad,172.265625,221638,1497.554054054054,0.2688843607902527,0.3048751354217529,0.09294885396957396,0.3336532711982727,0.2832757234573364,0.08024512976408005,0.22373950281871333,0.1824115353034679,0.03327396821176831,3.860733985900879,30.676841735839844,941.068603515625,-8.076006889343263,55.80641174316406,3114.35546875,0.008507873862981795,3.1413893699646,9.868327140808104,0.11651681363582612,0.06905980408191681,0.004769256804138422,2347.9216790943383,1467.8490927046626,2154580.9589539007,2346.118307809104,791.097140360389,625834.6854863849,21.458387986254216,5.884187356032046,34.623660840887396,4653.113529925745,2761.6928023900946,7626947.134773253,1.1737886335893701,1.7031226944957738,2.9006269125065454,0.05326549502470078,0.17560607363437014,0.030837493097279824,0.11389575875580495,0.11930555455740205,0.01423381534824924,-8.410418558923993e-06,0.10465266555547714,0.010952181182801723,-4.306011396693066e-05,0.059298593550920486,0.0035163233987987037,7.399038548752836,3.8900339155792634,15.132363864356927
35,Look_What_You_Made_Me_Do_(Taylor_Swift)(www.englishsong.in).mp3,sad,129.19921875,156635,1263.1854838709678,0.3851237595081329,0.3145948648452759,0.0989699363708496,0.4384641349315643,0.3090939521789551,0.09553906321525574,0.2354207102705054,0.16706412693652725,0.02791042250906409,5.7203736305236825,57.17532348632813,3269.017822265625,-1.5259552001953125,52.743324279785156,2781.8583984375,0.012028371915221214,3.806938886642456,14.49278450012207,0.13428544998168945,0.08395346999168396,0.0070481845177710065,2076.6455548019703,991.1680893330895,982414.1813122071,2224.696330646189,665.5534502787267,442961.39517791755,20.61275892720197,7.25657999749242,52.657953260007076,4190.378828019179,2077.4173337656657,4315662.778630048,1.304754917136741,1.7494967209114003,3.060738776479742,0.03362500646551437,0.14963973316135362,0.02239204974060112,0.09042764669601393,0.06357764637904896,0.004042117119099397,3.689473305712454e-05,0.12081493437290193,0.014596248045563696,-0.00010943288361886516,0.08170454204082489,0.006675632204860449,11.267482993197277,5.9417086151607945,35.30390126747601
36,Lover Also Fighter Also-Naasongs.Audio.mp3,sad,99.38401442307692,120594,1269.4105263157894,0.4708352088928223,0.3200661540031433,0.10244234651327133,0.5563122630119324,0.240238219499588,0.05771440267562866,0.2628790137115657,0.1192810021896522,0.014227957483367809,9.237150192260742,84.46246337890625,7133.90771484375,2.244251251220703,50.41838073730469,2542.01318359375,0.011187129653990269,4.332330226898193,18.769086837768555,0.17034369707107544,0.1078588142991066,0.011633523739874365,1745.4859904015548,903.573040961284,816444.2403520222,2165.9847541287745,650.6669443610824,423367.472484188,19.994097336975653,7.450081324904424,55.50371174768966,3759.635599331221,2068.189187829971,4277406.516656796,1.806011623031074,2.6145846814884703,6.836053056674165,0.00467281117677451,0.05062831764257149,0.0025632265473171157,0.059940491667472916,0.04974279674226688,0.0024743458277424767,3.3840981359389843e-06,0.1334841102361679,0.01781800575554371,0.00012524158228188753,0.10400106757879256,0.010816222056746485,7.7450158730158725,2.4759536287681354,6.1303463718101
37,Marshmello ft. Bastille - Happier (Official Music Video).mp3,happy,99.38401442307692,126506,1277.8383838383838,0.3563133478164673,0.2958070933818817,0.08750183880329132,0.37919750809669495,0.2907322645187378,0.08452524989843369,0.22227678669951634,0.18419110572411213,0.03392636342787105,15.038491249084473,113.70211029052734,12928.169921875,-2.500986337661743,38.15637969970703,1455.9091796875,0.013369580730795859,2.7813570499420166,7.735947608947754,0.23842014372348785,0.11323212087154387,0.01282151322811842,2215.7381597480003,992.3934109311084,984844.6820594795,2336.5308557769026,708.2806342184581,501661.45680890116,22.223851004466503,7.2591924215872785,52.69587461363019,4581.29729752201,2123.2177250814602,4508053.50810009,2.9091188132302377,3.6919672589834738,13.630622241405947,0.002321839226685884,0.17917852884684454,0.0321049451997195,0.09546370845830107,0.06311280055149765,0.0039832255934531225,9.19366084417561e-06,0.2037052661180496,0.04149583354592323,2.021213913394604e-05,0.11657155305147172,0.013588926754891872,8.688907029478457,4.398129116523088,19.34353972560816
38,Martin Garrix & David Guetta - So Far Away (feat. Jamie Scott & Romy Dya) (Official Video).mp3,angry,151.9990808823529,190397,1286.4662162162165,0.3137721121311188,0.2987671792507172,0.08926182240247726,0.3325757682323456,0.2873068451881409,0.0825452208518982,0.21586125086087785,0.19166964733653186,0.036737253710110496,7.6721696853637695,61.69268035888672,3805.98681640625,-0.09854274988174437,52.78667449951172,2786.43310546875,0.012215823866426943,2.7505152225494385,7.565333366394043,0.16241830587387085,0.08135077357292175,0.00661794887855649,1570.6153346211293,873.9235496786798,763742.370682984,1999.4083549023865,806.4273206081683,650325.0234232697,23.210628908098933,7.255681421733217,52.644912893684555,3389.512837412926,2177.5766889104143,4741840.2360860435,1.650625340984753,2.099350948514989,4.407274405030783,-0.04263909530536837,0.2054649013902197,0.0422158257032927,0.0589246247944079,0.03436624460449963,0.0011810387682162993,-1.140765925811138e-05,0.14112068712711334,0.019915048032999042,0.00022901617921888828,0.07620154321193695,0.005806674715131521,4.085551020408163,2.185483483806327,4.776338057990241
39,Martin Garrix & Justin Mylo - Burn Out (Official Video) feat. Dewain Whitmore.mp3,sad,129.19921875,163853,1280.1015625,0.31839942932128906,0.3064768612384796,0.09392806887626648,0.4152663946151733,0.28001224994659424,0.07840685546398163,0.2367881423163924,0.16512028643290694,0.027264708991685243,1.9949386119842532,11.759905815124512,138.29537963867188,-2.282650947570801,43.09912872314453,1857.5347900390625,0.0009111190447583797,2.249720811843872,5.061243534088135,0.09013585746288301,0.035044495016336434,0.001228116569109261,2394.28084668452,848.5828878439029,720092.917541498,2506.2272802734688,490.3995417439874,240491.71054271288,21.12409257074369,6.8977029613568535,47.578306143111114,5184.239484946425,1918.4184060150449,3680329.1805373062,1.0987662495954005,1.2638561377871844,1.5973323370223382,0.04036860970479248,0.12708611685889346,0.016150881098272316,0.10189847680437307,0.05346770509312071,0.002858795487924926,-6.703138205921277e-05,0.07977709174156189,0.006364384666085243,-0.0005556902033276856,0.03316681832075119,0.0011000379454344509,7.483791383219954,3.9980561326467288,15.984452839794118
40,MAX - Lights Down Low (Not Your Dope remix).mp3,happy,161.4990234375,195863,1409.0863309352521,0.348903089761734,0.3038783073425293,0.09234202653169632,0.30155670642852783,0.2885981500148773,0.08328889310359955,0.20861141690469806,0.19462688804536685,0.03787962555022376,13.203533172607422,84.62364196777344,7161.16015625,-0.11749190092086792,45.09491348266602,2033.55126953125,0.011327794753015041,3.019539833068848,9.117620468139648,0.2214253395795822,0.10830191522836684,0.011729305610060692,2109.747108074971,1044.7454885790644,1091493.135906308,2290.540523965972,806.2519503650806,650042.2074674964,20.71866260244137,7.570194335175282,57.30784227231992,4577.0848229942685,2266.928884767834,5138966.568594736,2.672336302428218,3.5159064533344706,12.361598188598974,0.004532756026834139,0.19505502011097609,0.038046460870493286,0.08146020281056501,0.06162386285180399,0.0037975004727779475,1.827077539928723e-05,0.20640578866004944,0.042603351175785065,6.608620606129989e-05,0.08690658211708069,0.007552754133939744,8.511274376417234,2.031453771010672,4.1268044237534784
41,Mia - Bad Bunny feat Drake 320Kbps-(Dj-Music.in).mp3,angry,129.19921875,157556,1280.9430894308944,0.4843602776527405,0.30453720688819885,0.0927429050207138,0.34683719277381897,0.27390751242637634,0.07502532005310059,0.22312983269922493,0.18315679373954225,0.033546411092949216,25.8033390045166,236.10276794433597,55744.51953125,6.7539405822753915,41.814430236816406,1748.4466552734375,0.002321636071428657,3.8635194301605225,14.926782608032227,0.30445876717567444,0.13718517124652865,0.018819769844412804,1951.6704750387396,1017.0259761508287,1034341.836165546,2394.6774007027107,740.2646374011164,547991.7333866063,21.871733881254507,7.49034777473537,56.1053097864831,4623.605375024187,2394.730172042837,5734732.596892315,2.597722843787244,3.4302790763699167,11.76681454178125,-0.031745252146188466,0.13089454846392268,0.017133382817574202,0.050656534200851394,0.04953991246034447,0.002454202926578593,8.718234312254936e-06,0.2877449095249176,0.08279713243246077,-6.560126166732515e-07,0.12223412096500395,0.014941180124878885,4.503510204081633,2.6023393183911248,6.7721699280443834
42,Mike Posner - Move On.mp3,sad,103.359375,133476,1295.883495145631,0.34759721159935,0.2976064383983612,0.08856958895921707,0.3846366405487061,0.2878487706184387,0.0828569084405899,0.22630164447993906,0.1792230427121708,0.0321208990390086,2.450045347213745,20.048982620239254,401.9617004394531,-6.4311866760253915,60.5947265625,3671.720703125,0.013928781263530254,3.1395492553710938,9.856769561767578,0.0879058986902237,0.054631777107715614,0.002984631108120084,1364.892730721163,686.1136145810236,470751.8921134374,1626.6408972078766,592.3416815000484,350868.6676423048,22.283779143087422,7.180166963696446,51.55479762655784,2648.008987851925,1460.060655646841,2131777.118167884,1.0183315832366506,1.4235435970960697,2.026476372833217,0.012489994171424804,0.1739029557302274,0.030242238011709437,0.06415267330205109,0.040669853432055716,0.001654036978184894,4.7077488574132076e-08,0.07616279274225235,0.005800770595669746,0.00018276255286764356,0.04881687462329865,0.002383087296038866,3.0406530612244898,1.8825996192996464,3.5441813265871738
43,Nannaku Prematho Title Song - Dedicated To Sri Satyamurthy Garu - DSP And Sa.mp3,relax,83.35433467741936,105458,1301.9506172839506,0.2410082072019577,0.29622435569763184,0.08774887025356293,0.3077842891216278,0.28934723138809204,0.083721823990345,0.2039997918464564,0.20424842290685088,0.0417174182599358,5.554191112518311,46.53509902954102,2165.515380859375,-4.304827690124512,51.26800537109375,2628.408447265625,0.012328737415373324,2.4901514053344727,6.200853824615479,0.13455261290073395,0.07765103876590729,0.0060296840965747825,1684.2929728617694,698.959930882408,488544.98497914046,2054.1841253075067,732.337529257426,536318.2567588714,22.437719013973748,6.300097018300562,39.691222439999635,3609.5490068843123,1822.5958813361153,3321855.746663371,1.4104168469299725,1.8171374050140627,3.3019883487012422,0.06339704983243517,0.19820629447870625,0.03928573517097962,0.06451756149622677,0.028992476742092217,0.0008405637076407581,-5.7263177950517274e-06,0.13575702905654907,0.018429970368742943,-1.6111371223814785e-05,0.0474005825817585,0.0022468152455985546,7.2945487528344675,2.580919372008489,6.661144804808695
44,"Nick Jonas, Robin Schulz - Right Now.mp3",angry,103.359375,131306,1274.8155339805824,0.43909120559692383,0.3045485913753509,0.09274984896183014,0.5592533349990845,0.2627146542072296,0.06901899725198746,0.2628552610179866,0.1193333360318878,0.01424044508849945,22.603158950805664,221.3153381347656,48980.4765625,4.983409404754639,43.45107650756836,1887.9959716796875,0.011665417812764643,3.7793447971344,14.283447265625,0.2785227298736572,0.14085011184215546,0.019838755950331688,1909.7469529599705,1037.6783820316264,1076776.4245357742,2366.9807925198184,776.7132753244182,603283.5120651854,21.223484948891986,7.6350778235651315,58.29441337189607,4363.023617393093,2413.717175674223,5826030.604144747,2.638903579685985,3.3378379458682383,11.141162152877897,-0.026180607504473184,0.08919983941953341,0.007956611352470545,0.05914306640625,0.06262495009534992,0.0039218843744450674,-8.218469702114818e-06,0.21895539760589602,0.04794146493077278,-0.0005543318693526089,0.15077443420886993,0.0227329283952713,3.5549750566893423,1.5477262469231343,2.395456535414771
45,No Place - Backstreet Boy.mp3,happy,92.28515625,118725,1276.6129032258063,0.3162394464015961,0.30354422330856323,0.09213908761739732,0.323228657245636,0.2871886491775513,0.08247732371091843,0.21951530723225188,0.18747363341031026,0.03514636322406338,8.65625,47.79894638061523,2284.7392578125,-2.1666688919067383,46.09217071533203,2124.488037109375,0.01119608897715807,3.736103057861328,13.958465576171875,0.1811196208000183,0.07911355048418045,0.006258954294025898,2032.252124178506,1004.3317629183348,1008682.2900066505,2287.8761808237864,785.4258269700505,616893.7296715877,22.886689654080005,6.59110245158266,43.44263152725894,4502.397774616631,2300.9621728016805,5294426.92066423,2.0085748769294054,2.5962784679094573,6.740661882930279,0.04190954001424377,0.19575382886314413,0.038319561514581116,0.08204334365325078,0.06190453629759261,0.003832171614219962,2.8624540391319893e-06,0.15644989907741547,0.02447657287120819,1.1997499314020388e-05,0.08367195725440979,0.007000996265560389,3.7360907029478456,2.1591923570827687,4.662111634884642
46,"Post Malone, Swae Lee - Sunflower (Spider-Man  Into the Spider-Verse).mp3",angry,89.10290948275862,102753,1223.25,0.3527828752994537,0.3010026216506958,0.0906025841832161,0.4803284704685211,0.2865032255649567,0.08208409696817398,0.24771309143797005,0.1482280596364171,0.021971557663577227,14.676783561706545,132.27409362792972,17496.4375,1.0472958087921145,44.75547409057617,2003.052490234375,0.009684303775429727,4.300512790679932,18.494409561157227,0.23002225160598755,0.12610554695129395,0.015902608633041382,2012.028456566976,956.8106338366254,915486.5890228448,2213.9198723943937,559.7724083297724,313345.1491273134,21.473886519053853,8.193840079132194,67.1390152423931,4088.091946533959,1888.7233196560003,3567275.778212382,2.611458573878205,3.3687982931028007,11.348801939612345,0.020201564758636117,0.12990568962049914,0.016875488195777458,0.09286206130272832,0.07093631798742389,0.005031961209612919,-8.331660501426086e-05,0.15291927754878998,0.023384306579828262,-0.00013859267346560958,0.17364321649074554,0.0301519688218832,3.2264126984126986,1.2832985383085391,1.6468551384248336
47,Rain Man feat. Oly - Bring Back The Summer (Not Your Dope Remix).mp3,happy,99.38401442307692,126057,1286.295918367347,0.3280046284198761,0.294208824634552,0.08655884116888046,0.3686002790927887,0.2765387296676636,0.076473668217659,0.2294953544694423,0.1751148640472258,0.03066521561027837,11.02594757080078,77.52352905273438,6009.89697265625,0.13048449158668518,31.59101104736328,997.991943359375,0.01278148964047432,2.3680644035339355,5.607728958129883,0.2154182642698288,0.08149223029613495,0.006640983279794455,2676.0467858990337,835.0605875327919,697326.1848506117,2490.1093384613496,609.0830663604471,370982.18172704475,21.378242755737933,8.050437474965127,64.80954353832287,5520.929115696958,1812.2499815492004,3284249.995625077,2.7851976667037905,3.281483073919837,10.768131164422384,0.010752816476293149,0.1549917094162265,0.024022429987763997,0.12570596700851394,0.052498987845958994,0.0027561437248501503,0.0001801197067834437,0.18409398198127747,0.03389059379696846,0.0005404688417911531,0.09197966009378432,0.008460258133709429,2.929197278911565,1.8308058133604557,3.351849926234439
48,Rita Ora - Let You Love Me [Official Video].mp3,happy,129.19921875,162097,1286.484126984127,0.3357197940349579,0.30374670028686523,0.09226206690073012,0.3845863044261933,0.288047730922699,0.0829714983701706,0.23701872043102615,0.1647891364701338,0.027155459498572385,10.950008392333984,89.8716812133789,8076.91943359375,0.8513079285621643,38.507171630859375,1482.8023681640625,0.011182083748281002,3.351100444793701,11.229873657226562,0.2030823230743408,0.09689481556415558,0.009388605132699013,2424.60640419589,1200.1191623580805,1440286.0038590606,2489.5634137705947,703.3546992085132,494707.8328986982,21.705541863083386,6.792395066966066,46.13663074574495,5073.423488368929,2361.282888749028,5575656.880698957,2.127516062703981,2.687408846210353,7.222166306689661,0.008463492631371113,0.16122789157773354,0.02599443302260141,0.09824600455930728,0.07756691319352761,0.006016626022372248,-9.20620823308127e-06,0.17714251577854154,0.031379468739032745,-6.509345985250548e-05,0.10152158886194228,0.010306633077561857,2.3417324263038557,1.389579459888538,1.930931075344121
49,River (feat. Ed Sheeran).mp3,happy,123.046875,155497,1274.5655737704915,0.3951437175273895,0.3058634698390961,0.09355246275663376,0.4502718150615692,0.291159451007843,0.08477382361888885,0.2503147184977741,0.14379108121407758,0.02067587503671345,7.6232056617736825,68.75946807861328,4727.86474609375,-1.3221746683120728,43.54843521118164,1896.46630859375,0.012618918903172016,3.970585346221924,15.765547752380373,0.16596531867980954,0.09438672661781312,0.00890885479748249,2540.097826856153,1262.2087555253165,1593170.9425247675,2422.480686744596,540.8337470040908,292501.1418984849,20.949268405992417,7.491547555090516,56.12328477018271,5026.327939815935,2105.904461466976,4434833.600826513,2.0558353625784243,2.9195317134468355,8.523665425821816,-0.010775942400792026,0.14434045198792567,0.02083416608007868,0.11888287901509287,0.09889668265820713,0.009780553840798126,-1.5920126315904778e-05,0.11029145866632463,0.012164205312728882,-3.5985573049401864e-05,0.11516354233026505,0.013262641616165638,2.6157278911564625,1.4965666078891953,2.2397116118489717
50,Sia - Move Your Body (Alan Walker Remix) [Audio].mp3,sad,129.19921875,162502,1354.1833333333334,0.3554317653179169,0.2942284643650055,0.08657039701938629,0.44362449645996094,0.2698361277580261,0.07281152904033661,0.2408988395016972,0.15906313985354642,0.025301082460068864,6.340232849121094,69.79212951660156,4870.94140625,0.5562692880630493,39.73320007324219,1578.727294921875,0.011252845637500286,2.180990695953369,4.756720066070557,0.1519908905029297,0.08188026398420334,0.0067043774761259564,2382.0640341520398,759.0366521225097,576136.639265348,2481.380318673444,517.062199136175,267353.3177755375,20.33076707137268,6.6386083251708445,44.071120495027635,4862.478930588477,1646.5747038586771,2711208.255387289,1.935536222339057,2.3079840233623066,5.326790252095662,-0.023682193554513162,0.11174334541447158,0.012486575244417906,0.11385002962945047,0.06370844160563023,0.004058765531817996,-8.541079523638474e-07,0.13743945956230166,0.018889604136347767,4.074012849741848e-06,0.0674949437379837,0.004555567167699337,7.640526077097506,2.2662660867620863,5.1359619760079385
51,Taylor Swift - Blank Space (1).mp3,sad,95.703125,117891,1309.9,0.3491124510765076,0.3206658959388733,0.10282661765813828,0.6026678681373596,0.27747124433517456,0.07699029892683029,0.2678456981273912,0.10766622185246287,0.011592015327983752,6.902363300323486,80.71885681152344,6515.5341796875,-4.622032165527344,49.75251388549805,2475.312744140625,0.013151035644114016,4.265988826751709,18.19866180419922,0.1441979855298996,0.1044194921851158,0.010903431102633476,2729.8026814431,1121.2858247657477,1257281.900820603,2492.697346201542,540.1614778793912,291774.422184848,21.033318733864892,7.676627536127827,58.930610328436,5418.292236328125,1962.6669318559875,3852061.485400994,1.4978582814049335,2.2187351533999573,4.922785680932732,0.0002880725432835868,0.08795117782199424,0.007735409680276053,0.13330097021333204,0.09323369107826204,0.008692521152076799,4.2090545321116224e-05,0.09013476967811583,0.008124276995658875,-0.0001717580744298175,0.13741202652454376,0.018882064148783684,8.638984126984129,2.70229274162619,7.30238606144559
52,Taylor Swift - Wildest Dreams (R3hab Remix).mp3,happy,129.19921875,165072,1279.6279069767445,0.3351638913154602,0.2972836494445801,0.08837757259607315,0.3565191328525543,0.277164489030838,0.07682015001773834,0.2199374635836924,0.1869781951076256,0.0349608454457053,14.0162935256958,75.20843505859375,5656.30859375,1.0705167055130005,31.715654373168945,1005.8827514648438,0.014456586912274359,2.221388339996338,4.934566020965576,0.23496977984905246,0.09362158924341203,0.008765001781284809,2476.4035477353505,825.4206033650416,681319.1724595093,2675.819430677797,495.07305389951034,245097.3286973875,20.37406195529732,6.340526963450996,40.2022821742491,5449.5712138550925,1921.00649019324,3690265.9353645495,2.981006483566764,3.6520839717015128,13.337717336359095,-0.0186756307116749,0.17350161737355074,0.030102811231238005,0.10411936284587847,0.0591466888927694,0.0034983308069780512,0.00033674188307486475,0.20487694442272186,0.04197455942630768,0.002618251834064722,0.08285674452781677,0.006865240167826414,4.2968526077097495,2.645969359810324,7.001153853055054
53,The Chainsmokers & Coldplay - Something Just Like This (Lyric).mp3,angry,103.359375,130049,1274.9901960784316,0.3640745282173157,0.2967435121536255,0.08805672079324722,0.2975970208644867,0.2822559475898743,0.07966841757297516,0.20454702293663374,0.20370038964394144,0.04149384874109357,8.19587516784668,60.68814468383789,3683.05078125,1.5754661560058594,45.86488723754883,2103.587890625,0.013465778902173042,2.6443064212799072,6.992355823516847,0.16687925159931186,0.08866225928068161,0.007860996760427952,2059.693132182032,1093.5387284768365,1195826.9506787364,2402.2600803892933,558.044746927476,311413.9395733507,22.020764515543362,7.24423848458659,52.4789912215654,4654.9926852294175,2065.6472825079354,4266898.695732418,1.6570933270245234,2.0801349325255853,4.326961337513221,0.025392852911880225,0.20638587360147914,0.042595128822245726,0.06988941109955496,0.06977933474138441,0.004869155556950177,-0.003757838625460863,0.1701367050409317,0.02894650027155876,-0.000873117009177804,0.0506519116461277,0.002565616276115179,6.941605442176873,3.0930293530955315,9.566830579110556
54,The Chainsmokers - Beach House (Lyrics).mp3,happy,89.10290948275862,107936,1255.0697674418604,0.3236468732357025,0.2976977229118347,0.08862392604351044,0.4392533600330353,0.2813621461391449,0.07916466146707535,0.24455544195607204,0.15338177578514214,0.023525969143003627,14.94144058227539,143.8372802734375,20689.162109375,-3.8489952087402335,33.12390899658203,1097.1932373046877,0.012251857668161392,2.356693983078003,5.554006099700928,0.23655903339385986,0.11637838929891585,0.013543928973376751,2415.8833098711925,903.5593046798607,816419.4170735531,2369.293089894866,651.8156968767478,424863.70269492007,21.595480346712066,6.728577365909784,45.27375336903344,5002.461417466863,2073.577669773552,4299724.352583511,2.8958789722717015,3.4544944813170986,11.933532121450293,0.04879622612210705,0.12637645176440124,0.015971007560560038,0.11564707091718268,0.060725936484992665,0.0036876393619793627,-1.0970977200486232e-05,0.19317547976970675,0.037316765636205666,-8.109655595944787e-07,0.12912021577358246,0.016672031953930855,5.768997732426303,3.2863207228165088,10.79990389321322
55,The Chainsmokers - This Feeling (Lyric Video) ft. Kelsea Ballerini.mp3,sad,103.359375,130966,1271.514563106796,0.3339065909385681,0.2984809577465057,0.08909087628126144,0.4121958613395691,0.2805903255939484,0.07873092591762543,0.2329042927623854,0.17055475292757574,0.029088923746186407,3.5076847076416016,50.81249618530274,2581.90966796875,-1.4420877695083618,46.13314437866211,2128.26708984375,0.011966018937528132,2.852748394012451,8.13817310333252,0.10940025001764296,0.06171153858304024,0.0038083142135292287,2322.412641249103,1067.0897086923655,1138680.4463971576,2499.1850200224044,769.0086283156793,591374.2704239626,22.879993104851376,7.245403489664496,52.49587172804246,5061.311061611115,2358.8665191088485,5564251.2549726935,1.228093446998508,1.5446494523708345,2.3859419307095187,-0.054900580840393606,0.137093174201729,0.01879453841270561,0.10068117501934984,0.06209161936931891,0.0038553691959043795,-1.0711796676332595e-05,0.09454602003097534,0.008938950486481191,2.1353011106839404e-05,0.05540104582905769,0.003069275757297873,3.665269841269841,1.960461128501271,3.843407836364477
56,The_Chainsmokers_-_This_Feeling_ft_Kelsea_Ballerini.mp3,angry,103.359375,130557,1267.5436893203882,0.339368999004364,0.2984496057033539,0.08907216042280197,0.41428488492965704,0.279695600271225,0.078229621052742,0.2333746975760584,0.16991051722779446,0.028869583864616636,6.081804275512695,82.236328125,6762.8134765625,0.014402293600142004,40.90654754638672,1673.345703125,0.012065870687365532,2.781620502471924,7.737412929534912,0.1447349637746811,0.08185289800167084,0.006699896417558193,2429.742870965024,1087.3333884516703,1182293.8976417913,2555.4444263236387,752.8596376147191,566797.633949366,22.27860126312963,6.781547363845066,45.98938464807395,5294.497151566733,2356.653844782192,5553817.344126688,1.6486223157467317,2.0946010833896307,4.387353698537015,-0.05457349323087708,0.13550923900983425,0.01836275385702438,0.10708022929566564,0.06673288606392086,0.004453278082420243,-1.7863936591311358e-05,0.12628555297851562,0.015948040410876274,-2.8801458029192872e-05,0.0721447691321373,0.005204868037253618,3.6292789115646267,2.048246137789488,4.195312240969556
57,Veorra - Bridges.mp3,angry,92.28515625,117531,1277.5108695652175,0.3665561079978943,0.2925465404987335,0.08558348566293716,0.408104807138443,0.2732611894607544,0.0746716782450676,0.2426358862754379,0.1564006394637378,0.0244611600246661,7.507050514221191,40.32130432128906,1625.8076171875,-1.838034510612488,38.42451477050781,1476.4434814453125,0.013201900757849216,2.5382680892944336,6.4428043365478525,0.16955028474330902,0.07145077735185623,0.005105213262140751,2041.4981840121122,680.1599789414679,462617.5969536581,2286.7254311964384,496.9970884790928,247006.1059566952,21.325478867935804,7.26711638457512,52.810980546960174,4300.111497814072,1614.4738595744452,2606525.8432492055,2.1687388772966245,2.66404568709457,7.097139422927178,-0.03100608129766947,0.1470038174978364,0.021610122358937188,0.08150857742356811,0.03520771950411848,0.0012395835126806848,5.991194029775215e-07,0.14493009448051453,0.02100473269820213,4.967916083842283e-06,0.07767271250486374,0.006033049896359444,3.834775510204082,2.3280048496281367,5.419606579892123
58,Veorra - Run.mp3,sad,92.28515625,116256,1263.6521739130435,0.3266439139842987,0.30301183462142944,0.09181617945432664,0.3824231922626496,0.2790190279483795,0.07785161584615707,0.2383970014774939,0.16278882953038615,0.02650020301987312,4.600550174713135,36.611289978027344,1340.386474609375,-6.778482437133789,51.5447883605957,2656.865234375,0.011790393851697443,3.61965537071228,13.101905822753904,0.12225476652383804,0.0766359269618988,0.0058730654418468475,2009.4420363496874,980.0806153166983,960558.0125195581,2018.1038548522033,840.7708741467405,706895.6628134742,22.353588069935775,7.6506052141701595,58.53176014308762,4060.3421143333976,2240.1454253785687,5018251.5268445285,1.413332928565501,1.9820656493637892,3.928584238387901,-0.03419545562416803,0.15227852511584666,0.02318874921145754,0.08214878519253098,0.04747753471279627,0.002254116302404775,1.0486798601050397e-05,0.11467302590608595,0.013149902224540709,-2.76851533271838e-05,0.06492140889167786,0.004214789252728224,4.257378684807256,2.7014526242840398,7.2978462812511244
59,Veorra - Strangers.mp3,happy,161.4990234375,200776,1278.8280254777071,0.4067079722881317,0.29370424151420593,0.08626218140125275,0.433943897485733,0.2684822678565979,0.07208272069692613,0.2493845884480533,0.14539828189469228,0.0211406603779284,10.12330150604248,101.27912139892578,10257.4609375,-2.1522812843322754,47.85537338256836,2290.13671875,0.01406058669090271,3.303785800933838,10.915000915527344,0.1804150640964508,0.12411563098430635,0.015404689125716688,2255.3119380475146,950.7933724511656,904008.0370970608,2135.935602518145,735.0022416767731,540228.2952698816,20.93187701178763,7.329496661368657,53.72152130901432,4501.1644487410495,2085.7469577669917,4350340.371834262,2.3496346158769232,3.3639970722522587,11.316476302121767,0.028814435004148837,0.12081017508996696,0.014595098405268469,0.10225694024525928,0.06027609641638972,0.003633207799197911,7.892158464528619e-06,0.17909984290599826,0.03207675367593765,3.600329364417121e-05,0.0890251025557518,0.007925469428300858,3.736090702947846,2.128218733284268,4.529314976702095
60,Veorra - The City.mp3,angry,99.38401442307692,118426,1220.8865979381446,0.324191689491272,0.2878233790397644,0.08284229040145874,0.29963356256484985,0.2881116569042206,0.08300832659006119,0.1954494491538032,0.2124449250013006,0.045132846158808235,8.455029487609862,48.65575790405274,2367.3828125,-0.1022576466202736,48.34772491455078,2337.502685546875,0.014026280492544174,2.885992765426636,8.328954696655272,0.1777435690164566,0.0799773782491684,0.006396380718797445,1925.0850796549412,1053.1796012435177,1109187.2724754552,2260.9246145634243,844.6140562173179,713372.9039598703,21.256758639633773,6.2431083741988385,38.97640217199164,4095.3585692603524,2417.899987479859,5846240.349455101,2.0141087531997157,2.5051282347143147,6.2756674723628585,0.08739987969540121,0.20544139167954464,0.04220616541522807,0.07387294710236067,0.056702274933477625,0.003215147982631685,1.2920087101520039e-05,0.1659984439611435,0.02755548432469368,5.6392731494270265e-05,0.060319885611534126,0.003638488706201315,8.871183673469389,4.382027337177878,19.202163583774254
61,Westlife - Hello my love (Official Lyrics).mp3,angry,123.046875,154034,1305.372881355932,0.33636268973350525,0.29697728157043457,0.08819550275802612,0.43925026059150696,0.30180060863494873,0.09108361601829527,0.2369718608174607,0.16485651492750708,0.02717767051404336,5.858850955963135,44.7911262512207,2006.2451171875,0.038148410618305206,57.8524055480957,3346.900634765625,0.013078019022941591,2.8551669120788574,8.151978492736816,0.14548875391483307,0.06965668499469757,0.004852053709328175,1724.645125992098,1087.7634862393286,1183229.401995538,2011.2839820435158,970.6944213421863,942247.6596248415,22.25114369782717,6.293922417813866,39.61345940145995,3665.4653354325897,2517.910526850201,6339873.421223055,1.5252377289025123,2.034519408764241,4.139269224638396,0.01648518652706,0.16395987142772706,0.026882839438596786,0.0656058013254644,0.050170720365865056,0.0025171011820298264,-3.687697017085157e-06,0.12824228405952454,0.016446083784103394,-4.834503124584444e-05,0.07040166854858397,0.0049563953652977935,3.142820861678005,1.4192555035573786,2.0142861843779083
62,WHY THIS KOLAVERI DI - Official Movie Full Song Video from the movie 3 feat Dhanush exclusive.mp3,angry,143.5546875,175899,1385.031496062992,0.38636958599090576,0.3073960840702057,0.0944923609495163,0.42763689160346985,0.2726894021034241,0.07435951381921768,0.2415549154808746,0.1580650376913277,0.024984556140360853,24.23871421813965,159.81784057617188,25541.7421875,5.56112813949585,39.245304107666016,1540.19384765625,0.01027044840157032,4.0067195892333975,16.053802490234375,0.284855455160141,0.1559879183769226,0.024332229048013687,1981.579923618091,868.1389753488811,753665.2805198048,2483.945021850867,497.5996477113135,247605.40940242328,19.82178622539363,6.939013199761588,48.14990418646554,4492.99366481533,1888.2545414267975,3565505.2132189265,3.103948086783857,4.19216114971376,17.574215105169394,-0.01074728993958848,0.11933540517759693,0.014240938928901225,0.06912732198142414,0.06372540192825807,0.0040609268509180394,0.0016505828825756907,0.21077629923820496,0.04442664608359337,-0.0017748508835211394,0.17212630808353424,0.029627464711666107,3.950875283446712,2.3757120177758955,5.644007591404816
63,Without Me.mp3,happy,135.99917763157896,164098,1593.1844660194174,0.31310638785362244,0.3208870589733124,0.10296851396560668,0.4517176449298858,0.310679167509079,0.09652154892683028,0.2382506384097129,0.16300296509787035,0.02656996663069754,12.49667263031006,148.3143310546875,21997.138671875,-4.685239315032959,55.73576736450195,3106.4755859375,0.01331802923232317,3.639572858810425,13.24649143218994,0.18853847682476044,0.13950084149837494,0.019460484385490414,1889.3076046740748,1269.7024806300924,1612144.389318211,2109.8833180804545,1074.5833454751262,1154729.3663725143,21.694692904751548,6.0823855909475215,36.99541447696603,4046.571364269906,2822.941416314889,7968998.239945913,1.6892239763836985,2.6121584524950485,6.823371780941327,-0.04061600740216576,0.1540773450583455,0.02373982826022846,0.07600785482778638,0.07086651025766882,0.005022062276100281,-3.890486823365792e-06,0.1549675315618515,0.02401493676006794,6.0855585616081946e-05,0.1525130569934845,0.02326023206114769,7.323573696145124,4.0146381642179,16.11731958959487
64,Wiz Khalifa - See You Again ft. Charlie Puth [Official Video] Furious 7 Soun.mp3,happy,161.4990234375,204088,1325.2467532467533,0.31762534379959106,0.32505542039871216,0.1056610271334648,0.3044031858444214,0.2813765704631805,0.0791727676987648,0.21255001881471253,0.1953351551441744,0.03815582283519868,10.61095142364502,107.0758819580078,11465.2451171875,-2.6236493587493896,58.54330825805664,3427.31884765625,0.014416217803955078,3.219383001327514,10.36442756652832,0.16765090823173526,0.13544556498527527,0.01834549941122532,1735.2114989305026,944.8417138058195,892725.8641475184,2076.390130031536,654.1311378354711,427887.54548592813,21.6849896584344,6.741561914874568,45.448657052087256,3477.224807030645,2150.1354311526834,4623082.372298135,1.5979331361161675,2.630455964117506,6.9192985791613575,-0.00850086203335102,0.20597891383130768,0.04242731294312527,0.06394424674680728,0.055979177263286016,0.003133668287074399,2.267326817673165e-05,0.18076986074447632,0.03267774358391762,2.600917468953412e-05,0.08264452964067459,0.0068301185965538025,3.6815238095238083,1.9316919476074756,3.731433780451561
65,Wow.mp3,angry,99.38401442307692,125525,1494.345238095238,0.40002211928367615,0.3279445469379425,0.10754762589931488,0.4027926027774811,0.2733776569366455,0.07473535090684891,0.2454301185237564,0.15197825586164693,0.023097390254748218,31.746295928955078,309.6846008300781,95904.5546875,-0.20433884859085086,49.94258499145508,2494.261962890625,0.007664470933377744,3.9026386737823486,15.230588912963867,0.31676995754241943,0.19133052229881287,0.03660736978054047,1604.7057822095667,1039.0180328606632,1079558.472609643,1955.832605361522,853.1343351212795,727838.1937628275,22.061599617293467,6.895234159103356,47.54425410886575,3287.9842846755273,2366.6802774254525,5601175.535554617,2.6506870074338638,3.5793020699345086,12.81140330783746,-0.03725265198583714,0.1223873148368581,0.014978654832976225,0.05522585653299149,0.05530789225678835,0.003058962945888509,4.287819319870323e-05,0.3191986382007599,0.1018877699971199,-0.0004355460405349731,0.1406540423631668,0.019783558323979374,3.8754104308390023,2.317031537632684,5.368635146384481
66,XXXTENTACION & Lil Pump - Arms Around You (Lyrics) Ft. Maluma & Swae Lee.mp3,happy,143.5546875,182851,1287.6830985915492,0.3737656176090241,0.2937804162502289,0.08630693703889848,0.3512600064277649,0.2888304591178894,0.08342302590608598,0.216147436012793,0.1913468558362768,0.036613619238428895,12.697227478027346,98.7175750732422,9745.1591796875,1.801819920539856,42.90924453735352,1841.203125,0.01586409471929073,2.540097713470459,6.452096462249756,0.22030624747276306,0.08622334897518158,0.007434465456753968,2047.9228373914566,1147.76284603512,1317359.5507386385,2254.4671539438673,960.109697112948,921810.6304903169,22.56341202528397,7.340673184947463,53.88548280820673,4633.60114791445,2665.029887004091,7102384.298625037,2.35737774719931,2.8390313688156232,8.060099113119112,0.04331150251591818,0.1717948080823143,0.029513456084039207,0.0806161036063274,0.056121906021874536,0.003149668335528117,1.2092232282157056e-05,0.18388567864894867,0.033813942223787315,-2.33632108574966e-05,0.1042579710483551,0.010869724676012993,6.604916099773242,2.70629019689873,7.3240066298301665
67,Zara Larsson - Ain't My Fault (Official Video).mp3,happy,143.5546875,180765,1291.1785714285713,0.3964778780937195,0.2993338406085968,0.08960074186325072,0.3796899020671845,0.2955260872840881,0.08733566850423813,0.2248778346562103,0.1810063336285984,0.03276329281366748,13.011966705322266,116.24544525146484,13513.0029296875,1.7237613201141355,32.65903854370117,1066.6129150390623,0.012215573340654371,2.8810572624206543,8.300491333007812,0.22133022546768188,0.09824325889348984,0.009651738218963144,2742.916552987501,1102.691565736786,1215928.689147045,2674.4545148804073,574.1963927175292,329701.49740982306,20.895039596638483,6.613664623526512,43.74055975248609,5766.07763331741,2167.7958706976456,4699338.937013763,2.255597824034435,2.652850629715561,7.037616463582249,-0.019296594748197726,0.17439810254101346,0.03041469816990585,0.113660499407411,0.10296883006740463,0.010602579965450052,6.766559181414777e-06,0.21058689057827,0.04434683546423912,-1.2895819054392634e-05,0.08249746263027191,0.006805831100791693,3.633922902494331,1.5075903135582933,2.2728285535347927
68,ZAYN - Rainberry (Lyric Video).mp3,angry,92.28515625,115500,1269.2307692307693,0.34081020951271057,0.3223695158958435,0.10392211377620696,0.4185462296009064,0.27773186564445496,0.07713498175144196,0.2460444902195542,0.15098159545432355,0.022795442165933023,19.8879508972168,162.51963806152344,26412.630859375,2.3940072059631348,48.33108901977539,2335.89404296875,0.010675936937332152,4.164194583892821,17.340517044067386,0.2622320353984833,0.1280823051929474,0.016405075788497925,1562.9749673516849,883.9068367105007,781291.2959835634,2041.4462761818293,597.9453339496863,357538.62239220185,21.699376949085245,6.772191009896345,45.86257107452089,3148.068464060686,1964.1968522688776,3858069.274462968,2.2695360724230413,2.8134537215510758,7.9155218433095955,-0.0007140993170641466,0.10988678963840702,0.012075106537035515,0.052849075742550315,0.04925302202577567,0.002425860178671543,-8.677894584252499e-06,0.23852573335170746,0.05689452216029167,-0.000207440898520872,0.11192891001701356,0.012528080493211744,2.9477732426303853,1.8001751867895952,3.2406307031329535
69,"Zedd, Grey - The Middle (Lyrics) ft. Maren Morris.mp3",happy,107.666015625,130006,1250.0576923076926,0.2952316999435425,0.3062749207019806,0.09380432963371277,0.3867000341415405,0.28741011023521423,0.08260456472635269,0.23739906952183976,0.164240723097221,0.026975015123498026,12.53215789794922,111.91632080078124,12525.2626953125,-0.5077728033065796,41.080265045166016,1687.5882568359375,0.009397514164447784,3.58389663696289,12.844314575195312,0.20629164576530454,0.1275797039270401,0.016276579350233078,2626.527628867395,1012.9120523780327,1025990.8258526784,2531.806355777825,452.9544041125161,205167.69220492453,21.289931794727604,6.887299095991357,47.43488883764335,5305.917915840267,1731.5183922440522,2998155.942679426,2.426675387721369,3.3336224335822924,11.113038529683122,0.04381164387118463,0.15071856474841755,0.02271608575982293,0.12787375435371515,0.09011004428339604,0.008119820080755595,0.0002021807304117829,0.1832127422094345,0.0335669070482254,0.000993303139694035,0.11096670478582382,0.012313609011471272,4.805369614512472,2.793211675828351,7.802031465983823
